<?xml version="1.0" encoding="UTF-8"?>
<metadata xml:lang="pt"><Esri><CreaDate>20220630</CreaDate><CreaTime>17160400</CreaTime><ArcGISFormat>1.0</ArcGISFormat><SyncOnce>TRUE</SyncOnce><DataProperties><itemProps><itemLocation><linkage Sync="TRUE">file://\\DESKTOP-0UBAVH7\D$\shapes\TM_WORLD_BORDERS_SIMPL-0Copy.3</linkage><protocol Sync="TRUE">Local Area Network</protocol></itemLocation></itemProps><copyHistory><copy source="D:\shapes\TM_WORLD_BORDERS_SIMPL-0.3" dest="\\DESKTOP-0UBAVH7\D$\shapes\TM_WORLD_BORDERS_SIMPL-0Copy.3" date="20220630" time="17160400"></copy></copyHistory></DataProperties></Esri></metadata>
